{
  "Delete ManageListing" : {
    "transaction" : "Delete ManageListing",
    "sampleCount" : 100,
    "errorCount" : 0,
    "errorPct" : 0.0,
    "meanResTime" : 329.81000000000006,
    "medianResTime" : 252.0,
    "minResTime" : 154.0,
    "maxResTime" : 1139.0,
    "pct1ResTime" : 699.9000000000002,
    "pct2ResTime" : 827.4499999999998,
    "pct3ResTime" : 1138.7299999999998,
    "throughput" : 1.1577289987959618,
    "receivedKBytesPerSec" : 0.21707418727424282,
    "sentKBytesPerSec" : 0.6647896985273687
  },
  "SignOut" : {
    "transaction" : "SignOut",
    "sampleCount" : 100,
    "errorCount" : 0,
    "errorPct" : 0.0,
    "meanResTime" : 847.3000000000003,
    "medianResTime" : 112.0,
    "minResTime" : 38.0,
    "maxResTime" : 3619.0,
    "pct1ResTime" : 2882.4000000000005,
    "pct2ResTime" : 3175.749999999999,
    "pct3ResTime" : 3617.349999999999,
    "throughput" : 1.1119265238953009,
    "receivedKBytesPerSec" : 0.2245461776135833,
    "sentKBytesPerSec" : 0.6037413547712768
  },
  "Search Skill" : {
    "transaction" : "Search Skill",
    "sampleCount" : 100,
    "errorCount" : 0,
    "errorPct" : 0.0,
    "meanResTime" : 3862.7900000000004,
    "medianResTime" : 3672.0,
    "minResTime" : 1025.0,
    "maxResTime" : 6786.0,
    "pct1ResTime" : 6211.8,
    "pct2ResTime" : 6392.65,
    "pct3ResTime" : 6784.389999999999,
    "throughput" : 1.0923947477660527,
    "receivedKBytesPerSec" : 6.971484059229643,
    "sentKBytesPerSec" : 0.7936930589237727
  },
  "Add Education" : {
    "transaction" : "Add Education",
    "sampleCount" : 100,
    "errorCount" : 0,
    "errorPct" : 0.0,
    "meanResTime" : 631.9299999999997,
    "medianResTime" : 643.5,
    "minResTime" : 88.0,
    "maxResTime" : 1834.0,
    "pct1ResTime" : 1020.0000000000001,
    "pct2ResTime" : 1110.0999999999995,
    "pct3ResTime" : 1827.1899999999964,
    "throughput" : 1.2877636696113528,
    "receivedKBytesPerSec" : 0.26031941368120126,
    "sentKBytesPerSec" : 0.8727617057717568
  },
  "Delete Education" : {
    "transaction" : "Delete Education",
    "sampleCount" : 100,
    "errorCount" : 0,
    "errorPct" : 0.0,
    "meanResTime" : 296.1700000000001,
    "medianResTime" : 174.0,
    "minResTime" : 37.0,
    "maxResTime" : 2377.0,
    "pct1ResTime" : 640.0000000000003,
    "pct2ResTime" : 722.9,
    "pct3ResTime" : 2376.5099999999998,
    "throughput" : 1.2344307422632053,
    "receivedKBytesPerSec" : 0.2627987322396277,
    "sentKBytesPerSec" : 0.7196827667296226
  },
  "Add Certification" : {
    "transaction" : "Add Certification",
    "sampleCount" : 100,
    "errorCount" : 0,
    "errorPct" : 0.0,
    "meanResTime" : 804.0700000000005,
    "medianResTime" : 633.0,
    "minResTime" : 86.0,
    "maxResTime" : 3256.0,
    "pct1ResTime" : 1437.4,
    "pct2ResTime" : 2751.2499999999995,
    "pct3ResTime" : 3255.79,
    "throughput" : 1.1958861516383639,
    "receivedKBytesPerSec" : 0.24174651698158334,
    "sentKBytesPerSec" : 0.7693845670892131
  },
  "Add Description" : {
    "transaction" : "Add Description",
    "sampleCount" : 100,
    "errorCount" : 0,
    "errorPct" : 0.0,
    "meanResTime" : 1627.0800000000004,
    "medianResTime" : 1900.5,
    "minResTime" : 122.0,
    "maxResTime" : 3960.0,
    "pct1ResTime" : 2948.3,
    "pct2ResTime" : 3406.349999999999,
    "pct3ResTime" : 3958.499999999999,
    "throughput" : 1.1657864978607817,
    "receivedKBytesPerSec" : 0.25046194289977736,
    "sentKBytesPerSec" : 0.6853549528439362
  },
  "Update Education" : {
    "transaction" : "Update Education",
    "sampleCount" : 100,
    "errorCount" : 0,
    "errorPct" : 0.0,
    "meanResTime" : 1113.5099999999998,
    "medianResTime" : 1183.0,
    "minResTime" : 173.0,
    "maxResTime" : 2930.0,
    "pct1ResTime" : 1598.3,
    "pct2ResTime" : 2035.549999999996,
    "pct3ResTime" : 2924.439999999997,
    "throughput" : 1.2656305371336,
    "receivedKBytesPerSec" : 0.26941615672302943,
    "sentKBytesPerSec" : 0.9072000139219359
  },
  "Add Language" : {
    "transaction" : "Add Language",
    "sampleCount" : 100,
    "errorCount" : 0,
    "errorPct" : 0.0,
    "meanResTime" : 408.42,
    "medianResTime" : 251.5,
    "minResTime" : 42.0,
    "maxResTime" : 1879.0,
    "pct1ResTime" : 961.5000000000002,
    "pct2ResTime" : 1484.499999999999,
    "pct3ResTime" : 1877.239999999999,
    "throughput" : 1.3260137375023204,
    "receivedKBytesPerSec" : 0.2680516051396292,
    "sentKBytesPerSec" : 0.7761065170260164
  },
  "View ManageListing" : {
    "transaction" : "View ManageListing",
    "sampleCount" : 100,
    "errorCount" : 0,
    "errorPct" : 0.0,
    "meanResTime" : 495.4800000000003,
    "medianResTime" : 321.0,
    "minResTime" : 114.0,
    "maxResTime" : 1783.0,
    "pct1ResTime" : 901.4000000000001,
    "pct2ResTime" : 1009.3499999999999,
    "pct3ResTime" : 1781.6899999999994,
    "throughput" : 1.160227404571296,
    "receivedKBytesPerSec" : 0.46454417565842904,
    "sentKBytesPerSec" : 0.6424306038983641
  },
  "Add Skill" : {
    "transaction" : "Add Skill",
    "sampleCount" : 100,
    "errorCount" : 0,
    "errorPct" : 0.0,
    "meanResTime" : 211.33000000000004,
    "medianResTime" : 170.5,
    "minResTime" : 38.0,
    "maxResTime" : 1338.0,
    "pct1ResTime" : 424.6,
    "pct2ResTime" : 572.8999999999997,
    "pct3ResTime" : 1335.5199999999986,
    "throughput" : 1.3126460318710458,
    "receivedKBytesPerSec" : 0.31021517550077443,
    "sentKBytesPerSec" : 0.8191218890289045
  },
  "Add Share Skill" : {
    "transaction" : "Add Share Skill",
    "sampleCount" : 100,
    "errorCount" : 0,
    "errorPct" : 0.0,
    "meanResTime" : 385.21000000000004,
    "medianResTime" : 244.5,
    "minResTime" : 130.0,
    "maxResTime" : 979.0,
    "pct1ResTime" : 827.8,
    "pct2ResTime" : 848.8499999999999,
    "pct3ResTime" : 978.4699999999997,
    "throughput" : 1.155214638879904,
    "receivedKBytesPerSec" : 0.252703202254979,
    "sentKBytesPerSec" : 2.1333114083221663
  },
  "Update Certification" : {
    "transaction" : "Update Certification",
    "sampleCount" : 100,
    "errorCount" : 2,
    "errorPct" : 2.0,
    "meanResTime" : 1516.3799999999999,
    "medianResTime" : 1160.0,
    "minResTime" : 151.0,
    "maxResTime" : 3999.0,
    "pct1ResTime" : 3063.4,
    "pct2ResTime" : 3303.4499999999994,
    "pct3ResTime" : 3993.7799999999975,
    "throughput" : 1.1615346195393352,
    "receivedKBytesPerSec" : 0.1970525333070052,
    "sentKBytesPerSec" : 0.8030922955408686
  },
  "Delete Language" : {
    "transaction" : "Delete Language",
    "sampleCount" : 100,
    "errorCount" : 2,
    "errorPct" : 2.0,
    "meanResTime" : 187.20999999999998,
    "medianResTime" : 111.0,
    "minResTime" : 34.0,
    "maxResTime" : 1232.0,
    "pct1ResTime" : 328.5000000000002,
    "pct2ResTime" : 965.3999999999942,
    "pct3ResTime" : 1231.94,
    "throughput" : 1.3151837969356217,
    "receivedKBytesPerSec" : 0.2532756296442428,
    "sentKBytesPerSec" : 0.7693311468402709
  },
  "Total" : {
    "transaction" : "Total",
    "sampleCount" : 2000,
    "errorCount" : 4,
    "errorPct" : 0.2,
    "meanResTime" : 4896.121499999997,
    "medianResTime" : 351.0,
    "minResTime" : 2.0,
    "maxResTime" : 87041.0,
    "pct1ResTime" : 2912.000000000002,
    "pct2ResTime" : 12703.549999998868,
    "pct3ResTime" : 85464.77,
    "throughput" : 18.41756298806542,
    "receivedKBytesPerSec" : 9.974765060962133,
    "sentKBytesPerSec" : 12.324892861582805
  },
  "SignIn" : {
    "transaction" : "SignIn",
    "sampleCount" : 100,
    "errorCount" : 0,
    "errorPct" : 0.0,
    "meanResTime" : 82688.20000000001,
    "medianResTime" : 84303.0,
    "minResTime" : 13015.0,
    "maxResTime" : 87041.0,
    "pct1ResTime" : 85844.2,
    "pct2ResTime" : 86101.95,
    "pct3ResTime" : 87038.31999999999,
    "throughput" : 1.1448590106128431,
    "receivedKBytesPerSec" : 0.5500689777553894,
    "sentKBytesPerSec" : 0.4571833463084021
  },
  "Update Language" : {
    "transaction" : "Update Language",