{
  "Delete ManageListing" : {
    "transaction" : "Delete ManageListing",
    "sampleCount" : 372,
    "errorCount" : 0,
    "errorPct" : 0.0,
    "meanResTime" : 1666.059139784946,
    "medianResTime" : 353.5,
    "minResTime" : 158.0,
    "maxResTime" : 12327.0,
    "pct1ResTime" : 7188.0,
    "pct2ResTime" : 9231.849999999984,
    "pct3ResTime" : 12317.0,
    "throughput" : 1.1460011644850543,
    "receivedKBytesPerSec" : 0.21487521834094764,
    "sentKBytesPerSec" : 0.6580553561691522
  },
  "SignOut" : {
    "transaction" : "SignOut",
    "sampleCount" : 372,
    "errorCount" : 0,
    "errorPct" : 0.0,
    "meanResTime" : 1066.1639784946249,
    "medianResTime" : 82.5,
    "minResTime" : 35.0,
    "maxResTime" : 132716.0,
    "pct1ResTime" : 1327.4999999999998,
    "pct2ResTime" : 1682.8499999999997,
    "pct3ResTime" : 2294.9899999999993,
    "throughput" : 1.1233206808772773,
    "receivedKBytesPerSec" : 0.22781769573560895,
    "sentKBytesPerSec" : 0.6099280259450841
  },
  "Search Skill" : {
    "transaction" : "Search Skill",
    "sampleCount" : 372,
    "errorCount" : 0,
    "errorPct" : 0.0,
    "meanResTime" : 4780.983870967742,
    "medianResTime" : 4390.5,
    "minResTime" : 1049.0,
    "maxResTime" : 12934.0,
    "pct1ResTime" : 10429.799999999992,
    "pct2ResTime" : 12413.75,
    "pct3ResTime" : 12738.169999999998,
    "throughput" : 1.1191638762782385,
    "receivedKBytesPerSec" : 7.1423202455842665,
    "sentKBytesPerSec" : 0.8131425038584077
  },
  "Add Education" : {
    "transaction" : "Add Education",
    "sampleCount" : 372,
    "errorCount" : 0,
    "errorPct" : 0.0,
    "meanResTime" : 4362.849462365599,
    "medianResTime" : 1996.0,
    "minResTime" : 87.0,
    "maxResTime" : 134019.0,
    "pct1ResTime" : 3322.1,
    "pct2ResTime" : 3887.35,
    "pct3ResTime" : 133492.69,
    "throughput" : 1.2598254532154336,
    "receivedKBytesPerSec" : 0.25467174689022926,
    "sentKBytesPerSec" : 0.8538270161440537
  },
  "Delete Education" : {
    "transaction" : "Delete Education",
    "sampleCount" : 372,
    "errorCount" : 0,
    "errorPct" : 0.0,
    "meanResTime" : 646.8387096774194,
    "medianResTime" : 735.0,
    "minResTime" : 37.0,
    "maxResTime" : 2126.0,
    "pct1ResTime" : 1209.3999999999999,
    "pct2ResTime" : 1333.7499999999998,
    "pct3ResTime" : 1717.08,
    "throughput" : 1.2412412412412412,
    "receivedKBytesPerSec" : 0.2642486236236236,
    "sentKBytesPerSec" : 0.7236533408408409
  },
  "Add Certification" : {
    "transaction" : "Add Certification",
    "sampleCount" : 372,
    "errorCount" : 0,
    "errorPct" : 0.0,
    "meanResTime" : 1893.6505376344087,
    "medianResTime" : 2031.5,
    "minResTime" : 111.0,
    "maxResTime" : 5057.0,
    "pct1ResTime" : 3518.6,
    "pct2ResTime" : 4269.999999999998,
    "pct3ResTime" : 4823.24,
    "throughput" : 1.2225621879919417,
    "receivedKBytesPerSec" : 0.24713903604915227,
    "sentKBytesPerSec" : 0.7865352912129986
  },
  "Add Description" : {
    "transaction" : "Add Description",
    "sampleCount" : 372,
    "errorCount" : 0,
    "errorPct" : 0.0,
    "meanResTime" : 16082.854838709663,
    "medianResTime" : 2246.5,
    "minResTime" : 117.0,
    "maxResTime" : 135671.0,
    "pct1ResTime" : 85881.6,
    "pct2ResTime" : 133935.05,
    "pct3ResTime" : 134625.58,
    "throughput" : 1.1976934741803686,
    "receivedKBytesPerSec" : 0.2573169573434386,
    "sentKBytesPerSec" : 0.7041127650943184
  },
  "Update Education" : {
    "transaction" : "Update Education",
    "sampleCount" : 372,
    "errorCount" : 0,
    "errorPct" : 0.0,
    "meanResTime" : 4437.392473118277,
    "medianResTime" : 3639.5,
    "minResTime" : 239.0,
    "maxResTime" : 137740.0,
    "pct1ResTime" : 5256.9,
    "pct2ResTime" : 5674.149999999991,
    "pct3ResTime" : 118074.46999999956,
    "throughput" : 1.241883523343738,
    "receivedKBytesPerSec" : 0.264336457168372,
    "sentKBytesPerSec" : 0.8901782286467809
  },
  "Add Language" : {
    "transaction" : "Add Language",
    "sampleCount" : 372,
    "errorCount" : 0,
    "errorPct" : 0.0,
    "meanResTime" : 6908.688172043012,
    "medianResTime" : 442.0,
    "minResTime" : 48.0,
    "maxResTime" : 135376.0,
    "pct1ResTime" : 12096.7,
    "pct2ResTime" : 27630.499999999905,
    "pct3ResTime" : 134513.66999999998,
    "throughput" : 1.3092644538220315,
    "receivedKBytesPerSec" : 0.2647860599850772,
    "sentKBytesPerSec" : 0.7662947551992229
  },
  "View ManageListing" : {
    "transaction" : "View ManageListing",
    "sampleCount" : 372,
    "errorCount" : 0,
    "errorPct" : 0.0,
    "meanResTime" : 5478.594086021507,
    "medianResTime" : 413.5,
    "minResTime" : 127.0,
    "maxResTime" : 134142.0,
    "pct1ResTime" : 4306.5,
    "pct2ResTime" : 5573.949999999997,
    "pct3ResTime" : 133905.43,
    "throughput" : 1.1899240303878447,
    "receivedKBytesPerSec" : 0.4764344262295082,
    "sentKBytesPerSec" : 0.6588739504198321
  },
  "Add Skill" : {
    "transaction" : "Add Skill",
    "sampleCount" : 372,
    "errorCount" : 0,
    "errorPct" : 0.0,
    "meanResTime" : 4222.129032258065,
    "medianResTime" : 610.0,
    "minResTime" : 39.0,
    "maxResTime" : 133436.0,
    "pct1ResTime" : 2099.7,
    "pct2ResTime" : 2677.199999999999,
    "pct3ResTime" : 132875.06,
    "throughput" : 1.2744789025777363,
    "receivedKBytesPerSec" : 0.2937007938084992,
    "sentKBytesPerSec" : 0.7953047058077866
  },
  "Add Share Skill" : {
    "transaction" : "Add Share Skill",
    "sampleCount" : 372,
    "errorCount" : 0,
    "errorPct" : 0.0,
    "meanResTime" : 493.2876344086023,
    "medianResTime" : 236.0,
    "minResTime" : 111.0,
    "maxResTime" : 2426.0,
    "pct1ResTime" : 1648.7,
    "pct2ResTime" : 1828.3999999999999,
    "pct3ResTime" : 2227.399999999998,
    "throughput" : 1.1898022433529396,
    "receivedKBytesPerSec" : 0.26026924073345553,
    "sentKBytesPerSec" : 2.1971836349418052
  },
  "Update Certification" : {
    "transaction" : "Update Certification",
    "sampleCount" : 372,
    "errorCount" : 9,
    "errorPct" : 2.419355,
    "meanResTime" : 4226.7983870967755,
    "medianResTime" : 4560.5,
    "minResTime" : 233.0,
    "maxResTime" : 71883.0,
    "pct1ResTime" : 6222.599999999999,
    "pct2ResTime" : 6615.749999999999,
    "pct3ResTime" : 25963.589999999334,
    "throughput" : 1.2040471520400833,
    "receivedKBytesPerSec" : 0.2039491411453984,
    "sentKBytesPerSec" : 0.8324857262152137
  },
  "Delete Language" : {
    "transaction" : "Delete Language",
    "sampleCount" : 372,
    "errorCount" : 1,
    "errorPct" : 0.26881722,
    "meanResTime" : 5228.481182795699,
    "medianResTime" : 198.0,
    "minResTime" : 14.0,
    "maxResTime" : 134870.0,
    "pct1ResTime" : 2671.0,
    "pct2ResTime" : 17908.64999999918,
    "pct3ResTime" : 124908.67999999979,
    "throughput" : 1.2813976879727738,
    "receivedKBytesPerSec" : 0.24871214365432576,
    "sentKBytesPerSec" : 0.7495305901404715
  },
  "Total" : {
    "transaction" : "Total",
    "sampleCount" : 7568,
    "errorCount" : 138,
    "errorPct" : 1.8234673,
    "meanResTime" : 13338.964852008388,
    "medianResTime" : 933.5,
    "minResTime" : 2.0,
    "maxResTime" : 148590.0,
    "pct1ResTime" : 12794.500000000016,
    "pct2ResTime" : 132153.75,
    "pct3ResTime" : 144856.72,
    "throughput" : 22.466840036573927,
    "receivedKBytesPerSec" : 12.729985553744672,
    "sentKBytesPerSec" : 14.781122811353356
  },
  "SignIn" : {
    "transaction" : "SignIn",
    "sampleCount" : 500,
    "errorCount" : 128,
    "errorPct" : 25.6,
    "meanResTime" : 112761.14999999992,
    "medianResTime" : 131576.0,
    "minResTime" : 1426.0,
    "maxResTime" : 148590.0,
    "pct1ResTime" : 145540.5,
    "pct2ResTime" : 146481.75,
    "pct3ResTime" : 147868.87,
    "throughput" : 3.277979191388093,
    "receivedKBytesPerSec" : 2.877143798391168,
    "sentKBytesPerSec" : 0.9757878213239103
  },
  "Update Language" : {
    "transaction" : "Update Language",
    "sampleCount" : 372,