{
  "Delete ManageListing" : {
    "transaction" : "Delete ManageListing",
    "sampleCount" : 200,
    "errorCount" : 0,
    "errorPct" : 0.0,
    "meanResTime" : 1092.9849999999997,
    "medianResTime" : 338.0,
    "minResTime" : 168.0,
    "maxResTime" : 7240.0,
    "pct1ResTime" : 3226.7,
    "pct2ResTime" : 6064.9,
    "pct3ResTime" : 7239.0,
    "throughput" : 1.6702577207663143,
    "receivedKBytesPerSec" : 0.3131733226436839,
    "sentKBytesPerSec" : 0.959093300596282
  },
  "SignOut" : {
    "transaction" : "SignOut",
    "sampleCount" : 200,
    "errorCount" : 0,
    "errorPct" : 0.0,
    "meanResTime" : 270.13499999999993,
    "medianResTime" : 64.0,
    "minResTime" : 37.0,
    "maxResTime" : 39175.0,
    "pct1ResTime" : 104.0,
    "pct2ResTime" : 125.89999999999998,
    "pct3ResTime" : 705.9300000000019,
    "throughput" : 1.5483231660112098,
    "receivedKBytesPerSec" : 0.31358836231923326,
    "sentKBytesPerSec" : 0.8406910940451491
  },
  "Search Skill" : {
    "transaction" : "Search Skill",
    "sampleCount" : 200,
    "errorCount" : 0,
    "errorPct" : 0.0,
    "meanResTime" : 5762.175000000002,
    "medianResTime" : 5147.5,
    "minResTime" : 1081.0,
    "maxResTime" : 16388.0,
    "pct1ResTime" : 10219.7,
    "pct2ResTime" : 12763.499999999975,
    "pct3ResTime" : 15926.530000000002,
    "throughput" : 1.5353318235903735,
    "receivedKBytesPerSec" : 9.798235807776457,
    "sentKBytesPerSec" : 1.1155145280773808
  },
  "Add Education" : {
    "transaction" : "Add Education",
    "sampleCount" : 200,
    "errorCount" : 0,
    "errorPct" : 0.0,
    "meanResTime" : 2147.6199999999994,
    "medianResTime" : 1072.0,
    "minResTime" : 92.0,
    "maxResTime" : 60442.0,
    "pct1ResTime" : 2044.0000000000005,
    "pct2ResTime" : 6543.749999999998,
    "pct3ResTime" : 59825.810000000325,
    "throughput" : 1.8293407970437852,
    "receivedKBytesPerSec" : 0.3697983837774058,
    "sentKBytesPerSec" : 1.2398071417464718
  },
  "Delete Education" : {
    "transaction" : "Delete Education",
    "sampleCount" : 200,
    "errorCount" : 0,
    "errorPct" : 0.0,
    "meanResTime" : 1734.6550000000007,
    "medianResTime" : 789.0,
    "minResTime" : 39.0,
    "maxResTime" : 59608.0,
    "pct1ResTime" : 1142.2000000000003,
    "pct2ResTime" : 1352.2999999999997,
    "pct3ResTime" : 42342.75,
    "throughput" : 1.770945862184993,
    "receivedKBytesPerSec" : 0.37701777144172705,
    "sentKBytesPerSec" : 1.0324752731683993
  },
  "Add Certification" : {
    "transaction" : "Add Certification",
    "sampleCount" : 200,
    "errorCount" : 0,
    "errorPct" : 0.0,
    "meanResTime" : 1189.3750000000007,
    "medianResTime" : 1438.5,
    "minResTime" : 137.0,
    "maxResTime" : 3051.0,
    "pct1ResTime" : 1858.9,
    "pct2ResTime" : 2016.9999999999995,
    "pct3ResTime" : 2680.3100000000013,
    "throughput" : 1.760981923520555,
    "receivedKBytesPerSec" : 0.35597974430542473,
    "sentKBytesPerSec" : 1.132944229702482
  },
  "Add Description" : {
    "transaction" : "Add Description",
    "sampleCount" : 200,
    "errorCount" : 0,
    "errorPct" : 0.0,
    "meanResTime" : 1011.7000000000002,
    "medianResTime" : 314.5,
    "minResTime" : 131.0,
    "maxResTime" : 2525.0,
    "pct1ResTime" : 2068.4,
    "pct2ResTime" : 2268.45,
    "pct3ResTime" : 2495.99,
    "throughput" : 1.745490089980014,
    "receivedKBytesPerSec" : 0.37500763651914365,
    "sentKBytesPerSec" : 1.0261572599296567
  },
  "Update Education" : {
    "transaction" : "Update Education",
    "sampleCount" : 200,
    "errorCount" : 0,
    "errorPct" : 0.0,
    "meanResTime" : 26179.78000000001,
    "medianResTime" : 3142.5,
    "minResTime" : 240.0,
    "maxResTime" : 62704.0,
    "pct1ResTime" : 62173.0,
    "pct2ResTime" : 62372.299999999996,
    "pct3ResTime" : 62696.69,
    "throughput" : 1.7847581652686062,
    "receivedKBytesPerSec" : 0.3799321373594503,
    "sentKBytesPerSec" : 1.2793090754952703
  },
  "Add Language" : {
    "transaction" : "Add Language",
    "sampleCount" : 200,
    "errorCount" : 0,
    "errorPct" : 0.0,
    "meanResTime" : 3784.1100000000006,
    "medianResTime" : 244.5,
    "minResTime" : 44.0,
    "maxResTime" : 61473.0,
    "pct1ResTime" : 816.3000000000001,
    "pct2ResTime" : 59724.549999999996,
    "pct3ResTime" : 61146.0,
    "throughput" : 1.9519812609798946,
    "receivedKBytesPerSec" : 0.39525714303142695,
    "sentKBytesPerSec" : 1.1424713760247902
  },
  "View ManageListing" : {
    "transaction" : "View ManageListing",
    "sampleCount" : 200,
    "errorCount" : 0,
    "errorPct" : 0.0,
    "meanResTime" : 917.0850000000007,
    "medianResTime" : 253.0,
    "minResTime" : 126.0,
    "maxResTime" : 17800.0,
    "pct1ResTime" : 2006.7,
    "pct2ResTime" : 2171.2,
    "pct3ResTime" : 2734.1900000000032,
    "throughput" : 1.6866677348895653,
    "receivedKBytesPerSec" : 0.6753259485397675,
    "sentKBytesPerSec" : 0.9339263727367028
  },
  "Add Skill" : {
    "transaction" : "Add Skill",
    "sampleCount" : 200,
    "errorCount" : 0,
    "errorPct" : 0.0,
    "meanResTime" : 346.06000000000006,
    "medianResTime" : 282.0,
    "minResTime" : 37.0,
    "maxResTime" : 1210.0,
    "pct1ResTime" : 855.6,
    "pct2ResTime" : 905.8499999999999,
    "pct3ResTime" : 1190.0500000000009,
    "throughput" : 1.8722559748368797,
    "receivedKBytesPerSec" : 0.4104701819832808,
    "sentKBytesPerSec" : 1.1683316092976233
  },
  "Add Share Skill" : {
    "transaction" : "Add Share Skill",
    "sampleCount" : 200,
    "errorCount" : 0,
    "errorPct" : 0.0,
    "meanResTime" : 844.715,
    "medianResTime" : 214.0,
    "minResTime" : 115.0,
    "maxResTime" : 5111.0,
    "pct1ResTime" : 3338.1,
    "pct2ResTime" : 3626.5999999999976,
    "pct3ResTime" : 5058.98,
    "throughput" : 1.686795762769044,
    "receivedKBytesPerSec" : 0.36898657310572835,
    "sentKBytesPerSec" : 3.1149714720666624
  },
  "Update Certification" : {
    "transaction" : "Update Certification",
    "sampleCount" : 200,
    "errorCount" : 0,
    "errorPct" : 0.0,
    "meanResTime" : 1891.405,
    "medianResTime" : 2309.0,
    "minResTime" : 236.0,
    "maxResTime" : 3689.0,
    "pct1ResTime" : 3149.1000000000004,
    "pct2ResTime" : 3318.9499999999994,
    "pct3ResTime" : 3531.7400000000002,
    "throughput" : 1.7477323173182797,
    "receivedKBytesPerSec" : 0.29868472219794817,
    "sentKBytesPerSec" : 1.2083930475208418
  },
  "Delete Language" : {
    "transaction" : "Delete Language",
    "sampleCount" : 200,
    "errorCount" : 2,
    "errorPct" : 1.0,
    "meanResTime" : 269.68499999999995,
    "medianResTime" : 107.5,
    "minResTime" : 12.0,
    "maxResTime" : 1358.0,
    "pct1ResTime" : 884.8,
    "pct2ResTime" : 987.8,
    "pct3ResTime" : 1351.3400000000024,
    "throughput" : 1.8880570948465483,
    "receivedKBytesPerSec" : 0.3652947965146466,
    "sentKBytesPerSec" : 1.1042368296217278
  },
  "Total" : {
    "transaction" : "Total",
    "sampleCount" : 4000,
    "errorCount" : 2,
    "errorPct" : 0.05,
    "meanResTime" : 4312.1315,
    "medianResTime" : 429.5,
    "minResTime" : 1.0,
    "maxResTime" : 62704.0,
    "pct1ResTime" : 7006.4000000000015,
    "pct2ResTime" : 36982.5,
    "pct3ResTime" : 61146.99,
    "throughput" : 29.876386451058742,
    "receivedKBytesPerSec" : 16.15979898793741,
    "sentKBytesPerSec" : 19.99350976350973
  },
  "SignIn" : {
    "transaction" : "SignIn",
    "sampleCount" : 200,
    "errorCount" : 0,
    "errorPct" : 0.0,
    "meanResTime" : 27036.614999999987,
    "medianResTime" : 36220.0,
    "minResTime" : 884.0,
    "maxResTime" : 38760.0,
    "pct1ResTime" : 37548.4,
    "pct2ResTime" : 37785.35,
    "pct3ResTime" : 38298.58,
    "throughput" : 4.665375912664163,
    "receivedKBytesPerSec" : 2.2415673330378594,
    "sentKBytesPerSec" : 1.8655125207026055
  },
  "Update Language" : {
    "transaction" : "Update Language",
    "sampleCount" : 200,
    "errorCount" : 0,
    "errorPct" : 0.0,
    "meanResTime" : 9987.554999999995,